,Gini (Structure Area),Structure Density,Distance to Type 1/2 Site,Terrace Density,Rainfall,Seasonality,Distance to Surface Water
Gini (Structure Area),NA,0.126281024,0.915256209,0.232874128,0.37431078,0.76485389,0.832394528
Structure Density,0.126281024,NA,0.004756929,0.006115964,0.000761411,0.020168121,0.011802877
Distance to Type 1/2 Site,0.915256209,0.004756929,NA,0.781519726,0.425416385,0.180214453,0
Terrace Density,0.232874128,0.006115964,0.781519726,NA,0.196240716,0.004933721,0.125226652
Rainfall,0.37431078,0.000761411,0.425416385,0.196240716,NA,0.182612207,2.13E-11
Seasonality,0.76485389,0.020168121,0.180214453,0.004933721,0.182612207,NA,0.375676126
Distance to Surface Water,0.832394528,0.011802877,0,0.125226652,2.13E-11,0.375676126,NA
